4/18/19 11:30,62.55
4/18/19 12:30,64.87
4/18/19 13:30,63.15
4/18/19 14:30,63.11
4/18/19 15:30,63.07
4/18/19 16:00,62.0
4/22/19 10:30,61.18
4/22/19 11:30,63.6
4/22/19 12:30,66.74
4/22/19 13:30,65.36
4/22/19 14:30,68.2
4/22/19 15:30,66.33
4/22/19 16:00,65.7
4/23/19 10:30,70.16
4/23/19 11:30,71.32
4/23/19 12:30,70.5
4/23/19 13:30,70.7
4/23/19 14:30,70.98
4/23/19 15:30,71.2
4/23/19 16:00,69.0
4/24/19 10:30,67.52
4/24/19 11:30,65.19
4/24/19 12:30,65.29
4/24/19 13:30,64.72
4/24/19 14:30,64.96
4/24/19 15:30,64.15
4/24/19 16:00,63.2
4/25/19 10:30,63.37
4/25/19 11:30,65.4
4/25/19 12:30,64.9
4/25/19 13:30,65.07555707355712
4/25/19 14:30,64.73879303119475
4/25/19 15:30,65.81771041056055
4/25/19 16:00,65.39324724367565
4/26/19 10:30,64.66782642784233
4/26/19 11:30,64.68148278036657
4/26/19 12:30,64.85800975688102
4/26/19 13:30,65.4471439234862
4/26/19 14:30,65.91976078579829
4/26/19 15:30,65.87046762646996
4/26/19 16:00,66.43008353643215
4/29/19 10:30,66.33066215821641
4/29/19 11:30,65.88761669768655
4/29/19 12:30,66.4245656274943
4/29/19 13:30,66.1778151726913
4/29/19 14:30,66.1692070167457
4/29/19 15:30,66.29253271269792
4/29/19 16:00,67.03366928136867
4/30/19 10:30,67.95504410278808
4/30/19 11:30,67.40339261733469
4/30/19 12:30,67.55912223489243
4/30/19 13:30,68.98983838465588
4/30/19 14:30,70.03064220459464
4/30/19 15:30,69.75505123579137
4/30/19 16:00,70.13227124196077
5/1/19 10:30,68.422763434361
5/1/19 11:30,72.01721553279482
5/1/19 12:30,71.73933440386536
5/1/19 13:30,73.57897470587322
5/1/19 14:30,74.6126717444882
5/1/19 15:30,70.33952652131691
5/1/19 16:00,74.96249752362368
5/2/19 10:30,73.66726327504946
5/2/19 11:30,72.37095996994888
5/2/19 12:30,70.42203525351559
5/2/19 13:30,70.9207441770348
5/2/19 14:30,71.29740552369826
5/2/19 15:30,71.28816598550155
5/2/19 16:00,73.61607196811707
5/3/19 10:30,75.34681530984217
5/3/19 11:30,77.38562303979023
5/3/19 12:30,78.18618309335162
5/3/19 13:30,79.31517454646371
5/3/19 14:30,78.95477445577599
5/3/19 15:30,78.8015326866528
5/3/19 16:00,77.13392526602183
5/6/19 10:30,76.57170979140407
5/6/19 11:30,78.71512939586259
5/6/19 12:30,78.65688897596863
5/6/19 13:30,79.36510620001137
5/6/19 14:30,79.27375722101556
5/6/19 15:30,78.79188518400433
5/6/19 16:00,78.69873451930451
5/7/19 10:30,77.624669701387
5/7/19 11:30,77.00124253472951
5/7/19 12:30,75.61345223746271
5/7/19 13:30,76.32731107439389
5/7/19 14:30,74.68956813315513
5/7/19 15:30,74.65037847899085
5/7/19 16:00,74.01219435909913
5/8/19 10:30,74.1612955762591
5/8/19 11:30,76.07908734101926
5/8/19 12:30,76.23623916332802
5/8/19 13:30,76.53610569085174
5/8/19 14:30,77.83690884942729
5/8/19 15:30,77.89123128840981
5/8/19 16:00,76.08841701312109
5/9/19 10:30,77.08969662301627
5/9/19 11:30,74.6335136185309
5/9/19 12:30,74.61115063733426
5/9/19 13:30,74.69203681816693
5/9/19 14:30,75.57448543458986
5/9/19 15:30,75.89663332866603
5/9/19 16:00,74.82885261366631
5/10/19 10:30,75.2592121792067
5/10/19 11:30,75.09275144526572
5/10/19 12:30,75.54316559453035
5/10/19 13:30,75.49156861747485
5/10/19 14:30,78.10569359162035
5/10/19 15:30,78.14735185154306
5/10/19 16:00,78.41510986495416
5/13/19 10:30,75.43277902688871
5/13/19 11:30,74.41058197323126
5/13/19 12:30,74.43698277598877
5/13/19 13:30,73.12789477448293
5/13/19 14:30,74.14620799066236
5/13/19 15:30,72.73410760148798
5/14/19 10:30,76.6223828874223
5/14/19 11:30,76.55301181298974
5/14/19 12:30,76.02955528047234
5/14/19 13:30,76.14106070505761
5/14/19 14:30,75.16131967451567
5/14/19 15:30,75.68845069702485
5/14/19 16:00,75.7438831089823
5/15/19 10:30,76.04891474602276
5/15/19 11:30,76.54707764112166
5/15/19 12:30,75.22233700914951
5/15/19 13:30,74.8100550779831
5/15/19 14:30,77.14771182737064
5/15/19 15:30,77.4274376246391
5/15/19 16:00,76.95716916768374
5/16/19 10:30,79.63011378061867
5/16/19 11:30,85.22209361249719
5/16/19 12:30,85.92364219141865
5/16/19 13:30,85.93405418888452
5/16/19 14:30,85.97533476266932
5/16/19 15:30,85.58502081899447
5/16/19 16:00,85.82870106774558
5/17/19 10:30,83.47072473150621
5/17/19 11:30,86.66118894805915
5/17/19 12:30,84.43638820718323
5/17/19 13:30,84.56095058614363
5/17/19 14:30,87.73463394452904
5/17/19 15:30,82.34116629642186
5/17/19 16:00,84.55310033522971
5/20/19 10:30,82.8474549930452
5/20/19 11:30,85.72905506500643
5/20/19 12:30,84.23698284955111
5/20/19 13:30,83.21817485326235
5/20/19 14:30,81.10180292078145
5/20/19 15:30,85.2463421321424
5/20/19 16:00,85.39056748089624
5/21/19 10:30,86.37104472247576
5/21/19 11:30,86.65845556574556
5/21/19 12:30,88.97904251029053
5/21/19 13:30,89.39140849727909
5/21/19 14:30,88.78912015847727
5/21/19 15:30,87.88378018824659
5/21/19 16:00,86.53002428452658
5/22/19 10:30,85.52754916183063
5/22/19 11:30,85.73181606590785
5/22/19 12:30,86.26683766994024
5/22/19 13:30,84.3253825711299
5/22/19 14:30,83.64593717141486
5/22/19 15:30,83.99221629628006
5/22/19 16:00,83.66144757568058
5/23/19 10:30,83.25816927803085
5/23/19 11:30,79.1271989297384
5/23/19 12:30,79.0841756729231
5/23/19 13:30,78.75115618535287
5/23/19 14:30,78.68954506527855
5/23/19 15:30,78.92333147245475
5/23/19 16:00,78.82166921344454
5/24/19 10:30,78.99866338285418
5/24/19 11:30,78.50786942280068
5/24/19 12:30,75.69986002495553
5/24/19 13:30,75.86475205520301
5/24/19 14:30,75.6233717274086
5/24/19 15:30,75.83984965529658
5/24/19 16:00,75.74690540145617
5/28/19 10:30,77.00366899727916
5/28/19 11:30,76.95807873618628
5/28/19 12:30,78.6039265516389
5/28/19 13:30,78.56155369451847
5/28/19 14:30,77.82607739387473
5/28/19 15:30,78.57083992050615
5/28/19 16:00,76.128504184382
5/29/19 10:30,77.76866548682834
5/29/19 11:30,75.49323945724062
5/29/19 12:30,75.75668057071464
5/29/19 13:30,76.21831200151787
5/29/19 14:30,76.66001907284434
5/29/19 15:30,76.82943349513398
5/29/19 16:00,76.04741381309188
5/30/19 10:30,75.74546261732159
5/30/19 11:30,78.79309389390075
5/30/19 12:30,78.36970451390621
5/30/19 13:30,78.29943794290023
5/30/19 14:30,80.21911824411978
5/30/19 15:30,79.95336194244325
5/30/19 16:00,78.55856420247423
5/31/19 10:30,79.04193205230744
5/31/19 11:30,81.1290980480234
5/31/19 12:30,81.9433714581309
5/31/19 13:30,82.3515901275331
5/31/19 14:30,82.02337712590925
5/31/19 15:30,80.5158251461194
5/31/19 16:00,81.42342541081155
6/3/19 10:30,80.61428493450687
6/3/19 11:30,79.81630233891806
6/3/19 12:30,79.38208396436934
6/3/19 13:30,76.6449379674948
6/3/19 14:30,77.43725136254588
6/3/19 15:30,77.76595754602445
6/3/19 16:00,77.06562997726176
6/4/19 10:30,76.38529315791477
6/4/19 11:30,77.38214107747453
6/4/19 12:30,79.9456482309867
6/4/19 13:30,78.50007588174195
6/4/19 14:30,80.5160725917023
6/4/19 15:30,78.38628349618116
6/4/19 16:00,78.79537038955408
6/5/19 10:30,80.54427567954001
6/5/19 11:30,78.09028771693389
6/5/19 12:30,77.6469515372277
6/5/19 13:30,77.54269460084667
6/5/19 14:30,77.56232079926538
6/5/19 15:30,77.66453233849786
6/5/19 16:00,77.66567295476818
6/6/19 10:30,77.42479491159179
6/6/19 11:30,78.84799698905603
6/6/19 12:30,78.38210637968807
6/6/19 13:30,78.34725462287139
6/6/19 14:30,78.5478737084726
6/6/19 15:30,78.35914787032473
6/6/19 16:00,78.80411621652271
6/7/19 10:30,79.55545496482998
6/7/19 11:30,92.85525909755773
6/7/19 12:30,93.59978467977005
6/7/19 13:30,95.07670501917725
6/7/19 14:30,94.40447565635775
6/7/19 15:30,94.8840688235748
6/7/19 16:00,95.85127110349715
6/10/19 10:30,95.34737211995152
6/10/19 11:30,100.57470124382745
6/10/19 12:30,103.14395565936091
6/10/19 13:30,103.44749027967579
6/10/19 14:30,101.66638465689334
6/10/19 15:30,101.17576276706838
6/10/19 16:00,101.6110215760601
6/11/19 10:30,104.58752191829393
6/11/19 11:30,98.41875181269832
6/11/19 12:30,93.85268950021386
6/11/19 13:30,94.20892409750842
6/11/19 14:30,94.1085242928738
6/11/19 15:30,94.87084938172431
6/11/19 16:00,94.88580375711037
6/12/19 10:30,95.1808264093576
6/12/19 11:30,95.47507884247419
6/12/19 12:30,97.11561101289251
6/12/19 13:30,98.46781137933587
6/12/19 14:30,99.15709100972562
6/12/19 15:30,101.01611619142601
6/12/19 16:00,101.31790533205962
6/13/19 10:30,101.97201979836349
6/13/19 11:30,100.84244879185103
6/13/19 12:30,100.01854821633525
6/13/19 13:30,100.90209202559674
6/13/19 14:30,100.86084699427083
6/13/19 15:30,100.99760065221463
6/13/19 16:00,102.61678853920938
6/14/19 10:30,99.42933427934675
6/14/19 11:30,103.29274238156667
6/14/19 12:30,102.75926827824075
6/14/19 13:30,100.22482994051964
6/14/19 14:30,101.15216746522427
6/14/19 15:30,100.98706811657365
6/14/19 16:00,102.13380198684634
6/17/19 10:30,100.67279243913777
6/17/19 11:30,100.49030327119516
6/17/19 12:30,99.39754834205964
6/17/19 13:30,99.1067483180145
6/17/19 14:30,98.92825291675463
6/17/19 15:30,98.56676441307407
6/17/19 16:00,97.97918570558875
6/18/19 10:30,96.82576089759087
6/18/19 11:30,99.56417453632892
6/18/19 12:30,100.07356690295794
6/18/19 13:30,100.10404786991364
6/18/19 14:30,100.11120620165741
6/18/19 15:30,99.8604262097396
6/18/19 16:00,99.83417167326941
6/19/19 10:30,100.40758508723802
6/19/19 11:30,100.2978179773736
6/19/19 12:30,102.63006371918114
6/19/19 13:30,103.24887679895834
6/19/19 14:30,103.23782505426003
6/19/19 15:30,101.99870419676685
6/19/19 16:00,102.16259021599284
6/20/19 10:30,102.46299437912711
6/20/19 11:30,103.64497288263212
6/20/19 12:30,103.12848068091073
6/20/19 13:30,102.54071324704671
6/20/19 14:30,103.62124882909941
6/20/19 15:30,103.8514066261909
6/20/19 16:00,103.01890736859625
6/21/19 10:30,103.6917247221651
6/21/19 11:30,100.1871808251272
6/21/19 12:30,99.66118449371591
6/21/19 13:30,99.26655433750209
6/21/19 14:30,99.53913033211538
6/21/19 15:30,99.89897419506119
6/21/19 16:00,99.81434716586513
6/24/19 10:30,99.7138452637104
6/24/19 11:30,94.2285033350042
6/24/19 12:30,92.42755870132859
6/24/19 13:30,92.63542990843746
6/24/19 14:30,93.06254425266599
6/24/19 15:30,91.1958397008553
6/24/19 16:00,90.82605106049085
6/25/19 10:30,100.0694439679174
6/25/19 11:30,89.24121331243514
6/25/19 12:30,87.35328607129914
6/25/19 13:30,87.3300750422015
6/25/19 14:30,87.10755099516234
6/25/19 15:30,86.20116759167483
6/25/19 16:00,84.92537266097038
6/26/19 10:30,87.87103196423676
6/26/19 11:30,85.81949392776714
6/26/19 12:30,86.5414779382692
6/26/19 13:30,87.58044261291495
6/26/19 14:30,87.2689778960503
6/26/19 15:30,88.08448954757777
6/26/19 16:00,86.65420891885962
6/27/19 10:30,86.41846006098996
6/27/19 11:30,86.1147938415669
6/27/19 12:30,91.73458775612909
6/27/19 13:30,91.25571541017115
6/27/19 14:30,91.67823528546374
6/27/19 15:30,91.78586433774572
6/27/19 16:00,91.25575673520865
6/28/19 10:30,89.91308447456855
6/28/19 11:30,86.42489762439554
6/28/19 12:30,88.10319894576921
6/28/19 13:30,88.167694583135
6/28/19 14:30,88.23624934756361
6/28/19 15:30,88.75060328175519
6/28/19 16:00,88.30640787162258
7/1/19 10:30,88.5738158749791
7/1/19 11:30,87.01088307421915
7/1/19 12:30,85.74624221419218
7/1/19 13:30,86.78546443383853
7/1/19 14:30,87.34687706859549
7/1/19 15:30,87.00982240608592
7/1/19 16:00,85.67014074551354
7/2/19 10:30,85.79788298476664
7/2/19 11:30,85.01362235275734
7/2/19 12:30,85.62469636557043
7/2/19 13:30,85.48353566620489
7/2/19 14:30,84.92826378196187
7/2/19 15:30,84.54528121506046
7/2/19 16:00,84.64863566115594
7/3/19 10:30,85.02374529556238
7/3/19 11:30,86.99595136549772
7/3/19 12:30,88.3984010745313
7/3/19 13:30,89.64389323352759
7/5/19 10:30,89.96186748929613
7/5/19 11:30,88.67574034363734
7/5/19 12:30,89.71580622681437
7/5/19 13:30,90.09427962878867
7/5/19 14:30,89.24847513767783
7/5/19 15:30,91.38090311758552
7/5/19 16:00,91.10343366660706
7/9/19 10:30,90.30905909344658
7/9/19 11:30,89.78502381964925
7/9/19 12:30,89.69598945274147
7/9/19 13:30,91.3102918770922
7/9/19 14:30,89.93677656791566
7/9/19 15:30,90.11157902303086
7/9/19 16:00,90.01222020783682
7/10/19 10:30,91.89006366561198
7/10/19 11:30,91.69415573490497
7/10/19 12:30,91.91239006213735
7/10/19 13:30,92.19260062391552
7/10/19 14:30,92.21367619065143
7/10/19 15:30,92.61469772251722
7/10/19 16:00,92.40772991040113
7/11/19 16:00,91.91052339830306
7/12/19 10:30,91.45177987024886
7/12/19 11:30,92.24890977580628
7/12/19 12:30,92.44171893547615
7/12/19 13:30,93.79151433836765
7/12/19 14:30,93.75025025101642
7/12/19 15:30,94.4123122315026
7/12/19 16:00,94.5664254116662
7/15/19 10:30,93.44204660420756
7/15/19 11:30,95.13779363923149
7/15/19 12:30,94.49884120027663
7/15/19 13:30,97.33800886457941
7/15/19 14:30,97.89067752059556
7/15/19 15:30,99.61998573349324
7/15/19 16:00,96.89824795288378
7/16/19 10:30,99.66058147005029
7/16/19 11:30,99.5400193864525
7/16/19 12:30,95.34469380575132
7/16/19 13:30,98.3543590498073
7/16/19 14:30,98.42902549985884
7/16/19 15:30,98.29713015700631
7/16/19 16:00,96.75612040892382
7/18/19 10:30,92.67103236402735
7/18/19 11:30,95.9261062069458
7/18/19 12:30,96.67058673355761
7/18/19 13:30,96.01529467132762
7/18/19 14:30,95.85014028188552
7/18/19 15:30,94.78634685403082
7/18/19 16:00,95.05344467685913
7/19/19 10:30,94.87132731797738
7/19/19 11:30,96.8721936295424
7/19/19 12:30,96.5690116513806
7/19/19 13:30,95.55174294051105
7/19/19 14:30,95.41702692564195
7/19/19 15:30,94.02087054050975
7/19/19 16:00,93.89576638980006
7/22/19 10:30,93.38793956849614
7/22/19 11:30,94.12550734649497
7/22/19 12:30,95.61345566569352
7/22/19 13:30,95.86389227940525
7/22/19 14:30,96.3280397985853
7/22/19 15:30,96.67955315950198
7/22/19 16:00,97.07785645853119
7/24/19 10:30,97.17036051906976
7/24/19 11:30,96.43109914743198
7/24/19 12:30,94.11701277772896
7/24/19 13:30,94.93239268937404
7/24/19 14:30,95.66027111844755
7/24/19 15:30,95.8005602976257
7/24/19 16:00,95.93915721953155
7/25/19 10:30,95.31530398737114
7/25/19 11:30,95.53403921205
7/25/19 12:30,97.43971016758357
7/25/19 13:30,98.65489790237156
7/25/19 14:30,98.59065809753636
7/25/19 15:30,98.11627833859546
7/25/19 16:00,97.99711506488171
7/26/19 10:30,98.74984609232564
7/26/19 11:30,100.86760978306557
7/26/19 12:30,101.82783419613642
7/26/19 13:30,103.69150759059876
7/26/19 14:30,103.66856922124946
7/26/19 15:30,103.91684179667561
7/26/19 16:00,102.76142373159664
7/29/19 10:30,98.26434252157541
7/29/19 11:30,94.89227734717876
7/29/19 12:30,96.9749184408178
7/29/19 13:30,103.47559237008457
7/29/19 14:30,99.58884034689127
7/29/19 15:30,98.36557907557116
7/29/19 16:00,98.38627153068862
7/30/19 10:30,98.36757776091225
7/30/19 11:30,97.66591789758192
7/30/19 12:30,97.71085441416226
7/30/19 13:30,98.5984566361666
7/30/19 14:30,95.9137287382947
7/30/19 15:30,97.27339337061949
7/30/19 16:00,96.72292068136639
7/31/19 10:30,95.288536769637
7/31/19 11:30,96.79803555846634
7/31/19 12:30,95.37940349285796
7/31/19 13:30,96.36545615003239
7/31/19 14:30,95.93400512492374
7/31/19 15:30,97.15881144537204
7/31/19 16:00,95.52589954565505
8/1/19 10:30,95.73431431659606
8/1/19 11:30,103.73481478056264
8/1/19 12:30,96.50797823414729
8/1/19 13:30,96.24361637243508
8/1/19 14:30,95.60210776626326
8/1/19 15:30,94.75661544499458
8/1/19 16:00,94.51873651589668
8/2/19 10:30,94.53432037912043
8/2/19 11:30,94.16013475768568
8/2/19 12:30,93.93438908725477
8/2/19 13:30,93.95998748522791
8/2/19 14:30,93.87035192459992
8/2/19 15:30,93.7476242184395
8/2/19 16:00,93.8071210669427
8/5/19 10:30,92.96805889955907
8/5/19 11:30,90.4535830199215
8/5/19 12:30,90.02492949347267
8/5/19 13:30,89.70331792816445
8/5/19 14:30,89.77399884154957
8/5/19 15:30,88.78075697743064
8/5/19 16:00,89.40034794286717
8/6/19 10:30,90.07020664115193
8/6/19 11:30,90.23611785696586
8/6/19 12:30,89.73108063344674
8/6/19 13:30,89.91280274685157
8/6/19 14:30,89.45160564450272
8/6/19 15:30,90.0892151049974
8/6/19 16:00,90.54985839096948
8/7/19 10:30,89.09724220590488
8/7/19 11:30,89.85297042557232
8/7/19 12:30,89.88318540938721
8/7/19 13:30,90.33300590462603
8/7/19 14:30,91.06418313097136
8/7/19 15:30,92.50618828268455
8/7/19 16:00,92.29689947423913
8/8/19 10:30,92.87575043842901
8/8/19 11:30,93.71952593898439
8/8/19 12:30,94.82826686115726
8/8/19 13:30,93.81642063668069
8/8/19 14:30,94.8767620226165
8/8/19 15:30,95.1561178751588
8/8/19 16:00,95.2367578345716
8/9/19 10:30,95.02598690118603
8/9/19 11:30,92.98722579470511
8/9/19 12:30,93.38712585751487
8/9/19 13:30,95.1853655673042
8/9/19 14:30,94.05749041643642
8/9/19 15:30,93.94958049642477
8/9/19 16:00,94.10921413640675
8/12/19 10:30,93.75910849500363
8/12/19 11:30,92.99088924535728
8/12/19 12:30,93.4779832285265
8/12/19 13:30,93.27497977569726
8/12/19 14:30,92.63172623759756
8/12/19 15:30,91.82343299135546
8/12/19 16:00,92.33899019629118
8/13/19 10:30,95.11135203277767
8/13/19 11:30,94.46146989217084
8/13/19 12:30,94.54426233800116
8/13/19 13:30,94.05482724230403
8/13/19 14:30,94.45825691936106
8/13/19 15:30,94.89160873770068
8/13/19 16:00,94.868169595308
8/14/19 10:30,91.91407844094134
8/14/19 11:30,92.21286400306144
8/14/19 12:30,92.09324206012448
8/14/19 13:30,90.65744117693225
8/14/19 14:30,90.5116195441248
8/14/19 15:30,91.73988323438738
8/14/19 16:00,90.93931597650922
8/15/19 10:30,92.10096251181244
8/15/19 11:30,91.64918190612647
8/15/19 12:30,91.41145991409395
8/15/19 13:30,90.8837467571601
8/15/19 14:30,90.56209410853518
8/15/19 15:30,90.5383125313201
8/15/19 16:00,90.46602940419325
8/16/19 10:30,91.39536405891889
8/16/19 11:30,93.3797562365542
8/16/19 12:30,93.55705255786728
8/16/19 13:30,93.59602860491725
8/16/19 14:30,93.75740436335776
8/16/19 15:30,94.14277793988764
8/16/19 16:00,94.281418210035
8/19/19 10:30,94.0145602018655
8/19/19 11:30,94.24706022874878
8/19/19 12:30,93.84792633540941
8/19/19 13:30,94.28756881547808
8/19/19 14:30,93.7254370074365
8/19/19 15:30,93.2967333994918
8/19/19 16:00,93.02010488627442
8/20/19 10:30,93.56744661669518
8/20/19 11:30,93.38563360988951
8/20/19 12:30,92.76554148724746
8/20/19 13:30,92.65850076166701
8/20/19 14:30,93.03518001066855
8/20/19 15:30,92.64789059225237
8/20/19 16:00,92.59517267161131
8/21/19 10:30,91.79311782595717
8/21/19 11:30,93.30613369877854
8/21/19 12:30,93.59301054950501
8/21/19 13:30,93.13097078206371
8/21/19 14:30,93.56653022650887
8/21/19 15:30,93.10718545665519
8/21/19 16:00,93.42134483283938
8/22/19 10:30,93.61477870426599
8/22/19 11:30,92.73607537305041
8/22/19 12:30,92.73090988230322
8/22/19 13:30,93.08970991784601
8/22/19 14:30,94.10703112221718
8/22/19 15:30,94.23935948459535
8/22/19 16:00,93.63698568102392
8/23/19 10:30,92.90657029759758
8/23/19 11:30,92.50091873103638
8/23/19 12:30,91.22725505575846
8/23/19 13:30,91.0708338621644
8/23/19 14:30,90.9299248501907
8/23/19 15:30,90.93277914224801
8/23/19 16:00,90.85396642661452
8/26/19 10:30,91.1827139264378
8/26/19 11:30,91.91689217948357
8/26/19 12:30,91.94680640955907
8/26/19 13:30,92.68482162286284
8/26/19 14:30,92.04072782779429
8/26/19 15:30,91.9005232601205
8/26/19 16:00,91.49141343953708
8/27/19 10:30,91.33894083509321
8/27/19 11:30,92.41814651771936
8/27/19 12:30,91.4398866426363
8/27/19 13:30,91.65081599571239
8/27/19 14:30,91.78856617347148
8/27/19 15:30,91.30737166776983
8/27/19 16:00,91.73128856438473
8/28/19 10:30,92.37437803097401
8/28/19 11:30,92.2773777397926
8/28/19 12:30,89.96016452395779
8/28/19 13:30,89.21311479161355
8/28/19 14:30,89.13728262075513
8/28/19 15:30,89.32478383179553
8/28/19 16:00,90.82735462135224
8/29/19 10:30,90.65068927292087
8/29/19 11:30,92.90346102595313
8/29/19 12:30,92.39131365729588
8/29/19 13:30,91.64310733749386
8/29/19 14:30,92.91074126726392
8/29/19 15:30,92.29804049872119
8/29/19 16:00,91.48863515354152
8/30/19 10:30,91.26182419787507
8/30/19 11:30,91.59129499956128
8/30/19 12:30,90.32745668209941
8/30/19 13:30,90.23700020045963
8/30/19 14:30,90.26688016025588
8/30/19 15:30,90.66233421836033
8/30/19 16:00,90.86301329607676
9/3/19 10:30,89.47210486694219
9/3/19 11:30,93.04876427076226
9/3/19 12:30,91.44031582774859
9/3/19 13:30,91.22853697292838
9/3/19 14:30,91.54778893209966
9/3/19 15:30,90.9854046919577
9/3/19 16:00,91.24225950919069
9/4/19 10:30,91.9596793376737
9/4/19 11:30,92.51217734625959
9/4/19 12:30,94.7168086151441
9/4/19 13:30,94.50033088292963
9/4/19 14:30,95.03627805636707
9/4/19 15:30,94.62528330097275
9/4/19 16:00,93.76178736943312
9/5/19 10:30,93.58609986081908
9/5/19 11:30,90.31351240796188
9/5/19 12:30,89.80570116055975
9/5/19 13:30,90.05433960237242
9/5/19 14:30,90.60211600443232
9/5/19 15:30,90.64720284921196
9/5/19 16:00,90.67544290695903
9/6/19 10:30,90.66602517334371
9/6/19 11:30,89.70658136306588
9/6/19 12:30,89.8556390039823
9/6/19 13:30,90.01478292174036
9/6/19 14:30,89.79950359398757
9/6/19 15:30,87.50690971300824
9/6/19 16:00,88.18383329474571
9/9/19 10:30,86.52694555589714
9/9/19 11:30,84.37796485434544
9/9/19 12:30,84.44760373198874
9/9/19 13:30,79.28855441777314
9/9/19 14:30,78.07842995242001
9/9/19 15:30,78.31691281327745
9/9/19 16:00,78.46494872429297
9/10/19 10:30,78.03458286214095
9/10/19 11:30,78.92747611837086
9/10/19 12:30,79.84441173423726
9/10/19 13:30,80.1206018593842
9/10/19 14:30,79.76008441468366
9/10/19 15:30,79.64459177402539
9/10/19 16:00,79.9104108427868
9/11/19 10:30,80.15035028241769
9/11/19 11:30,79.76191007408487
9/11/19 12:30,80.07444651253063
9/11/19 13:30,80.9999296583749
9/11/19 14:30,80.58377397345566
9/11/19 15:30,81.28534100804295
9/11/19 16:00,80.76822873342105
9/12/19 10:30,80.41987328360742
9/12/19 11:30,81.7047335329266
9/12/19 12:30,81.79297576796037
9/12/19 13:30,81.85980395047208
9/12/19 14:30,81.67385846777049
9/12/19 15:30,81.87508817588599
9/12/19 16:00,81.99331214024211
9/13/19 10:30,81.65936456928529
9/13/19 11:30,81.01828583176886
9/13/19 12:30,80.43936161887625
9/13/19 13:30,80.25732696954614
9/13/19 14:30,79.62788531566596
9/13/19 15:30,79.0733182306027
9/13/19 16:00,79.1316163353756
9/16/19 10:30,79.34899300134093
9/16/19 11:30,79.38654145077297
9/16/19 12:30,79.7530373500537
9/16/19 13:30,79.43672819495563
9/16/19 14:30,80.86553801211329
9/16/19 15:30,80.61347674506436
9/16/19 16:00,80.1967328986672
9/17/19 10:30,80.47224300024715
9/17/19 11:30,80.49354552751247
9/17/19 12:30,81.25365212551606
9/17/19 13:30,82.44704134376467
9/17/19 14:30,82.81990369253054
9/17/19 15:30,82.71559545819456
9/17/19 16:00,82.84141707983976
9/18/19 10:30,82.69512793972167
9/18/19 11:30,84.47868934161609
9/18/19 12:30,85.67388368157583
9/18/19 13:30,85.30414919917331
9/18/19 14:30,83.52128444770048
9/18/19 15:30,84.51891945912325
9/18/19 16:00,84.25125589490615
9/19/19 10:30,84.98956100871398
9/19/19 11:30,84.99902985610026
9/19/19 12:30,84.09889141298878
9/19/19 13:30,83.68411349560391
9/19/19 14:30,83.57529586140238
9/19/19 15:30,84.0749301033821
9/19/19 16:00,84.13985184864696
9/20/19 10:30,84.7724217102024
9/20/19 11:30,84.28923790841722
9/20/19 12:30,84.25592575105357
9/20/19 13:30,83.66163966755725
9/20/19 14:30,82.37245055670245
9/20/19 15:30,82.46302405503575
9/20/19 16:00,80.54833745051775
9/23/19 10:30,82.51081506255731
9/23/19 11:30,83.16920039123337
9/23/19 12:30,82.5350058474082
9/23/19 13:30,84.110695262251
9/23/19 14:30,82.43964736013406
9/23/19 15:30,82.29893152183124
9/23/19 16:00,82.75897870941601
9/24/19 10:30,82.555247873035
9/24/19 11:30,81.47717921310668
9/24/19 12:30,81.54051642424346
9/24/19 13:30,79.9673139395192
9/24/19 14:30,80.25454555530254
9/24/19 15:30,80.30535953475834
9/24/19 16:00,79.99555955383693
9/25/19 10:30,80.1409471456473
9/25/19 11:30,78.612851313905
9/25/19 12:30,79.71456230276462
9/25/19 13:30,79.75809780051891
9/25/19 14:30,78.19303319902245
9/25/19 15:30,79.06016559731026
9/25/19 16:00,79.37173018605775
9/26/19 10:30,78.45609130766836
9/26/19 11:30,80.19771496929927
9/26/19 12:30,79.83766886749171
9/26/19 13:30,79.54982785724492
9/26/19 14:30,79.55816167465663
9/26/19 15:30,79.69713174454695
9/26/19 16:00,79.63808172712682
9/27/19 10:30,79.87572944808736
9/27/19 11:30,78.62017008913777
9/27/19 12:30,78.20602744915765
9/27/19 13:30,78.43303226761942
9/27/19 14:30,77.54277968161027
9/27/19 15:30,76.65708760228947
9/27/19 16:00,76.43220563331502
9/30/19 10:30,77.74519696752185
9/30/19 11:30,78.16466660124375
9/30/19 12:30,78.7307981980246
9/30/19 13:30,75.68926995266479
9/30/19 14:30,78.67961284290035
9/30/19 15:30,76.02113067519507
9/30/19 16:00,76.97116777215517
10/1/19 10:30,76.07203566865907
10/1/19 11:30,76.62098159708891
10/1/19 12:30,76.21959631556767
10/1/19 13:30,75.81734014689512
10/1/19 14:30,75.79124973901409
10/1/19 15:30,76.23391635406087
10/1/19 16:00,75.95721851361304
10/2/19 10:30,75.61249072580475
10/2/19 11:30,74.78870038837026
10/2/19 12:30,74.86959553198194
10/2/19 13:30,74.67917239633968
10/2/19 14:30,74.49805737133632
10/2/19 15:30,74.63116307894535
10/2/19 16:00,74.48914517626238
10/3/19 10:30,73.82661845000531
10/3/19 11:30,74.38114546539371
10/3/19 12:30,76.5388864252602
10/3/19 13:30,75.53675773376101
10/3/19 14:30,76.68147687611288
10/3/19 15:30,76.6493025766626
10/3/19 16:00,77.21236694546566
10/4/19 10:30,77.38642174856977
10/4/19 11:30,77.01667137842463
10/4/19 12:30,76.62002826926425
10/4/19 13:30,75.93145110345489
10/4/19 14:30,76.24792318162683
10/4/19 15:30,76.5917981339813
10/4/19 16:00,76.60886009714218
10/7/19 10:30,76.57870072942012
10/7/19 11:30,76.58649997627239
10/7/19 12:30,76.18213202461665
10/7/19 13:30,76.16182123678142
10/7/19 14:30,76.44941088488666
10/7/19 15:30,76.3200355305445
10/7/19 16:00,76.34342633530187
10/8/19 10:30,77.07504153068982
10/8/19 11:30,75.20581133692856
10/8/19 12:30,74.53653670694115
10/8/19 13:30,74.99990841020258
10/8/19 14:30,75.78334481048816
10/8/19 15:30,76.50798633886326
10/8/19 16:00,73.97402766119201
10/9/19 10:30,76.35912046033108
10/9/19 11:30,74.14766249364014
10/9/19 12:30,74.43154714338192
10/9/19 13:30,73.71985001349778
10/9/19 14:30,73.42644860442161
10/9/19 15:30,73.91733241294799
10/9/19 16:00,74.23786703618737
10/10/19 10:30,73.55559992233829
10/10/19 11:30,73.20911781008904
10/10/19 12:30,72.93902238659884
10/10/19 13:30,72.65500113031237
10/10/19 14:30,71.82716395739101
10/10/19 15:30,72.12021604388148
10/10/19 16:00,71.89854576831104
10/11/19 10:30,72.42342786466538
10/11/19 11:30,71.6458953320718
10/11/19 12:30,71.74979410965645
10/11/19 13:30,71.17653417983149
10/11/19 14:30,71.7589925982915
10/11/19 15:30,71.86744735974736
10/11/19 16:00,71.74478153296903
10/14/19 10:30,71.41476425716749
10/14/19 11:30,70.59514295008364
10/14/19 12:30,70.97861717832305
10/14/19 13:30,69.78263671641002
10/14/19 14:30,69.92254223678273
10/14/19 15:30,70.30323655136942
10/14/19 16:00,70.44701801593547
10/15/19 10:30,71.65118508947967
10/15/19 11:30,68.8618471591187
10/15/19 12:30,69.06875571173455
10/15/19 13:30,69.08281342755167
10/15/19 14:30,70.14402515981544
10/15/19 15:30,69.02996509686221
10/15/19 16:00,69.62863010353657
10/16/19 10:30,70.40757708530833
10/16/19 11:30,68.95930602039432
10/16/19 12:30,67.35212427338817
10/16/19 13:30,67.55707464919524
10/16/19 14:30,69.26261226088668
10/16/19 15:30,67.12926595108163
10/16/19 16:00,67.07853284329998
10/17/19 10:30,67.49618133371406
10/17/19 11:30,67.16331516922845
10/17/19 12:30,67.14972508320533
10/17/19 13:30,67.21565615194378
10/17/19 14:30,67.25618171195819
10/17/19 15:30,67.40713501913763
10/17/19 16:00,67.18515256469344
10/18/19 10:30,67.30049652033806
10/18/19 11:30,65.84995424752336
10/18/19 12:30,65.98845050438726
10/18/19 13:30,65.80059004440497
10/18/19 14:30,65.8268215178612
10/18/19 15:30,65.98713632156637
10/18/19 16:00,65.53046578765552
10/21/19 10:30,65.61618004110801
10/21/19 11:30,65.75683024153295
10/21/19 12:30,65.1191555307466
10/21/19 13:30,65.04286993016666
10/21/19 14:30,65.14228146096669
10/21/19 15:30,65.39181372793009
10/21/19 16:00,65.72454593580795
10/22/19 10:30,66.68929873273497
10/22/19 11:30,65.1132376793474
10/22/19 12:30,63.29186541878576
10/22/19 13:30,63.125302079132204
10/22/19 14:30,62.40213891531584
10/22/19 15:30,63.21998879201456
10/22/19 16:00,61.90618148041657
10/23/19 10:30,65.42805923523608
10/23/19 11:30,62.83845199831762
10/23/19 12:30,62.998948571962536
10/23/19 13:30,63.1020629290696
10/23/19 14:30,62.88852765288996
10/23/19 15:30,62.460177507545076
10/23/19 16:00,62.12646074067427
10/24/19 10:30,62.10968095121517
10/24/19 11:30,65.52910402036034
10/24/19 12:30,65.62361352288683
10/24/19 13:30,65.38303768746967
10/24/19 14:30,65.11175706393651
10/24/19 15:30,64.7828967348202
10/24/19 16:00,64.83438153847861
10/25/19 10:30,65.15567652156689
10/25/19 11:30,64.5803624998864
10/25/19 12:30,63.886978386714446
10/25/19 13:30,63.53215069487172
10/25/19 14:30,63.91808412857782
10/25/19 15:30,63.35543707554966
10/25/19 16:00,63.51079686245547
10/28/19 10:30,63.77554850138406
10/28/19 11:30,63.9915575443425
10/28/19 12:30,65.21014997855659
10/28/19 13:30,66.65913010658979
10/28/19 14:30,67.08487315801688
10/28/19 15:30,66.8164704941873
10/28/19 16:00,66.78258870469095
10/29/19 10:30,65.87315450983442
10/29/19 11:30,66.66823872832258
10/29/19 12:30,66.39868497136489
10/29/19 13:30,65.46313105345841
10/29/19 14:30,65.4203066697139
10/29/19 15:30,65.57145515702118
10/29/19 16:00,65.69981804752588
10/30/19 10:30,65.51586357512072
10/30/19 11:30,67.4042225628635
10/30/19 12:30,66.88599328329062
10/30/19 13:30,68.84329043539674
10/30/19 14:30,67.72984374936416
10/30/19 15:30,67.23753580431244
10/30/19 16:00,69.73299794097686
10/31/19 10:30,68.82654531827522
10/31/19 11:30,68.23327270243321
10/31/19 12:30,69.03082983379679
10/31/19 13:30,68.26096494442032
10/31/19 14:30,69.22589485545268
10/31/19 15:30,69.96890842148196
10/31/19 16:00,69.84261182132828
11/1/19 10:30,64.08937563450225
11/1/19 11:30,67.82609497477172
11/1/19 12:30,69.63831084634278
11/1/19 13:30,69.55076247430095
11/1/19 14:30,69.98355943033474
11/1/19 15:30,69.88814341086913
11/1/19 16:00,69.5951399714805
11/4/19 10:30,70.33688336857544
11/4/19 11:30,69.8944714043707
11/4/19 12:30,69.90234044554359
11/4/19 13:30,69.92246756407881
11/4/19 14:30,70.21949175966222
11/4/19 15:30,69.99669810395177
11/4/19 16:00,70.08288951750268
11/5/19 10:30,69.99520311400276
11/5/19 11:30,69.59871888100076
11/5/19 12:30,68.49170782277649
11/5/19 13:30,68.17532844582853
11/5/19 14:30,67.64378826024736
11/5/19 15:30,67.43708134246204
11/5/19 16:00,67.99907512757025
11/6/19 10:30,67.71528925047977
11/6/19 11:30,65.73507983945872
11/6/19 12:30,66.63689552315422
11/6/19 13:30,65.95234644787669
11/6/19 14:30,66.41276557916672
11/6/19 15:30,66.49795341048991
11/6/19 16:00,66.84113047993924
11/7/19 10:30,67.01856819062232
11/7/19 11:30,67.1727204238683
11/7/19 12:30,68.42898575423584
11/7/19 13:30,68.77534663472949
11/7/19 14:30,68.03119928477663
11/7/19 15:30,66.94184149461991
11/7/19 16:00,66.93352652960247
11/8/19 10:30,66.88984025434225
11/8/19 11:30,68.27752040506445
11/8/19 12:30,69.08280074892022
11/8/19 13:30,69.72858830859354
11/8/19 14:30,69.3292178514707
11/8/19 15:30,69.57542797736424
11/8/19 16:00,69.73837604403597
11/11/19 10:30,68.29643818118373
11/11/19 11:30,68.93879331723214
11/11/19 12:30,69.85800359304709
11/11/19 13:30,69.79838298921861
11/11/19 14:30,69.10315979931622
11/11/19 15:30,69.14741523540965
11/11/19 16:00,68.3518324820578
11/12/19 10:30,68.54952463496454
11/12/19 11:30,69.5100826768971
11/12/19 12:30,69.00621941435115
11/12/19 13:30,69.2252511086992
11/12/19 14:30,68.8753394322097
11/12/19 15:30,68.47210401103759
11/12/19 16:00,68.0909591810119
11/13/19 10:30,68.07654259144833
11/13/19 11:30,68.09959171266406
11/13/19 12:30,68.16063918505375
11/13/19 13:30,67.40889192096725
11/13/19 14:30,67.35568465424413
11/13/19 15:30,67.71371221590341
11/13/19 16:00,67.60796875901023
11/14/19 10:30,67.87529380916213
11/14/19 11:30,67.84353219548342
11/14/19 12:30,68.60764160332772
11/14/19 13:30,67.99383322966835
11/14/19 14:30,67.91203260445138
11/14/19 15:30,67.91148975677444
11/14/19 16:00,67.83082348468866
11/15/19 10:30,67.79177085391062
11/15/19 11:30,68.9587409764445
11/15/19 12:30,69.81608306121163
11/15/19 13:30,70.14694417190503
11/15/19 14:30,70.42700161381094
11/15/19 15:30,70.21564379204113
11/15/19 16:00,70.07059518037816
11/18/19 10:30,69.89615321150652
11/18/19 11:30,69.71000266299063
11/18/19 12:30,70.02756334177931
11/18/19 13:30,69.977613310957
11/18/19 14:30,70.04716572338296
11/18/19 15:30,70.76940292624927
11/18/19 16:00,70.50925929218499
11/19/19 10:30,70.73550068620742
11/19/19 11:30,69.88671810787261
11/19/19 12:30,68.88568959690537
11/19/19 13:30,69.27585600236054
11/19/19 14:30,69.18092111171642
11/19/19 15:30,70.0317862780914
11/19/19 16:00,70.15381673914986
11/20/19 10:30,68.49514452236625
11/20/19 11:30,69.04684478764545
11/20/19 12:30,70.51653441383637
11/20/19 13:30,69.10394630358346
11/20/19 14:30,69.91421410797953
11/20/19 15:30,70.54511644704246
11/20/19 16:00,70.77556935318795
11/21/19 10:30,70.37007380802241
11/21/19 11:30,70.4363978674182
11/21/19 12:30,70.5677845008503
11/21/19 13:30,70.59421073726261
11/21/19 14:30,69.90225954733717
11/21/19 15:30,70.3405618448699
11/21/19 16:00,70.58352125071558
11/22/19 10:30,69.9269685200934
11/22/19 11:30,70.07167246986734
11/22/19 12:30,71.36327459572793
11/22/19 13:30,72.79976814056747
11/22/19 14:30,72.76498570853897
11/22/19 15:30,73.29530882865723
11/22/19 16:00,73.46374494475847
11/25/19 10:30,69.15162389608626
11/25/19 11:30,73.30258966543974
11/25/19 12:30,74.538572170652
11/25/19 13:30,74.25762704914334
11/25/19 14:30,74.63311995151929
11/25/19 15:30,74.79118166827816
11/25/19 16:00,74.85293442816014
11/26/19 10:30,74.34434513317335
11/26/19 11:30,74.73044690778235
11/26/19 12:30,75.11224614380393
11/26/19 13:30,74.8668817608142
11/26/19 14:30,75.20419488659336
11/26/19 15:30,75.05117254420865
11/26/19 16:00,75.12992117195596
11/27/19 10:30,75.19385453224301
11/27/19 11:30,74.61945300792463
11/27/19 12:30,74.28162047995976
11/27/19 13:30,73.94810773402551
11/27/19 14:30,73.7232084091289
11/27/19 15:30,73.6670968609278
11/27/19 16:00,73.82229109096363
11/29/19 10:30,73.77956745210841
11/29/19 11:30,74.17686040762686
11/29/19 12:30,74.64656919256846
11/29/19 13:30,74.39445443775568
12/2/19 10:30,75.10372255551331
12/2/19 11:30,70.86907176982349
12/2/19 12:30,73.34104347564619
12/2/19 13:30,73.3085341226195
12/2/19 14:30,69.85308691355334
12/2/19 15:30,69.93684659967063
12/2/19 16:00,69.5937443489153
12/3/19 10:30,70.10328136116078
12/3/19 11:30,68.83727800752293
12/3/19 12:30,68.91629531612674
12/3/19 13:30,69.89285225478702
12/3/19 14:30,70.09553933338223
12/3/19 15:30,70.2762145524915
12/3/19 16:00,70.2221057834866
12/4/19 10:30,70.02387255342306
12/4/19 11:30,70.14910814166407
12/4/19 12:30,70.2761333446858
12/4/19 13:30,70.47389793009675
12/4/19 14:30,70.29774998569678
12/4/19 15:30,70.25311365274058
12/4/19 16:00,70.27488311273967
12/5/19 10:30,70.01986527323173
12/5/19 11:30,69.9930068073485
12/5/19 12:30,70.36807071203047
12/5/19 13:30,70.10856807314491
12/5/19 14:30,70.33258133196428
12/5/19 15:30,69.62896814960634
12/5/19 16:00,69.94443621158874
12/6/19 10:30,69.98156471089294
12/6/19 11:30,66.84918480628913
12/6/19 16:00,62.58135219279374
12/9/19 10:30,62.619653624870836
12/9/19 11:30,64.4206713113978
12/9/19 12:30,66.45291869832351
12/9/19 13:30,67.0093204384389
12/9/19 14:30,64.55084677509073
12/9/19 15:30,66.02478913209154
12/9/19 16:00,64.34531874771874
12/10/19 10:30,64.34004062927394
12/10/19 11:30,65.42830798247917
12/10/19 12:30,64.9480729791728
12/10/19 13:30,64.65693375879509
12/10/19 14:30,64.59100992624653
12/10/19 15:30,64.54236973797872
12/10/19 16:00,64.64827517428569
12/11/19 10:30,65.78401085111366
12/11/19 11:30,63.4492455890023
12/11/19 12:30,63.261234979658
12/11/19 13:30,62.96107925910335
12/11/19 14:30,64.85157999877151
12/11/19 15:30,64.89760786522376
12/11/19 16:00,63.08069203903546
12/12/19 10:30,65.83511768857846
12/12/19 11:30,63.201194273221496
12/12/19 12:30,62.55893632292237
12/12/19 13:30,62.33845636334182
12/12/19 14:30,62.4560543713289
12/12/19 15:30,62.60285228552831
12/12/19 16:00,62.793655461961556
12/13/19 10:30,62.58213757677146
12/13/19 11:30,62.482702874920264
12/13/19 12:30,62.48293602240585
12/13/19 13:30,62.88411740449161
12/13/19 14:30,63.371070064015846
12/13/19 15:30,63.299607718928534
12/13/19 16:00,63.357874275462166
12/16/19 10:30,63.20604116425031
12/16/19 11:30,64.61353932481217
12/16/19 12:30,65.13935374061353
12/16/19 13:30,65.3372636741075
12/16/19 14:30,65.30084208976022
12/16/19 15:30,65.66060358982456
12/16/19 16:00,66.17571135744768
12/17/19 10:30,65.85405277948533
12/17/19 11:30,65.78467000511145
12/17/19 12:30,65.52346383685864
12/17/19 13:30,66.07997046561646
12/17/19 14:30,65.33030457747682
12/17/19 15:30,65.18182884195991
12/17/19 16:00,66.01492968136714
12/18/19 10:30,65.450531007033
12/18/19 11:30,66.57576034403743
12/18/19 12:30,67.30454073438239
12/18/19 13:30,67.05548768061976
12/18/19 14:30,67.51708525119726
12/18/19 15:30,67.60708972817972
12/18/19 16:00,67.56635708187805
12/19/19 10:30,67.74789520630503
12/19/19 11:30,67.65461633873365
12/19/19 12:30,67.54537551678973
12/19/19 13:30,67.41807258635467
12/19/19 14:30,67.74155810660451
12/19/19 15:30,68.13160278503452
12/19/19 16:00,68.24740487851943
12/20/19 10:30,68.25106384428588
12/20/19 11:30,67.89171421526417
12/20/19 12:30,67.60351061754267
12/20/19 13:30,66.63879407992358
12/20/19 14:30,66.8523432408671
12/20/19 15:30,66.89432784672923
12/20/19 16:00,67.04396195487622
12/23/19 10:30,66.81150104891752
12/23/19 11:30,66.83151206408203
12/23/19 12:30,67.01665787963685
12/23/19 13:30,67.11540682707883
12/23/19 14:30,67.13228696736292
12/23/19 15:30,67.04993918006005
12/23/19 16:00,66.90553079215655
12/24/19 10:30,66.27710318983125
12/24/19 11:30,66.64613220911929
12/24/19 12:30,66.74228101569932
12/24/19 13:30,66.91288406921194
12/26/19 10:30,66.97905658595305
12/26/19 11:30,67.47989476559864
12/26/19 12:30,67.73445980307207
12/26/19 13:30,67.80071671918226
12/26/19 14:30,67.72805528149493
12/26/19 15:30,67.65827135137658
12/26/19 16:00,67.2749938913715
12/27/19 10:30,67.44886584986857
12/27/19 11:30,67.3433128306453
12/27/19 12:30,67.20358252826286
12/27/19 13:30,67.0965482754001
12/27/19 14:30,67.03887240640603
12/27/19 15:30,67.0460795858473
12/27/19 16:00,66.97070971318226
12/30/19 10:30,66.67211453680925
12/30/19 11:30,66.48321328559565
12/30/19 12:30,67.126544131481
12/30/19 13:30,66.65548518570407
12/30/19 14:30,66.97965577162657
12/30/19 15:30,66.75057600863242
12/30/19 16:00,66.62226989653095
12/31/19 10:30,66.08519472271712
12/31/19 11:30,67.10537549067723
12/31/19 12:30,67.73407314064085
12/31/19 13:30,67.73671184486727
12/31/19 14:30,67.67468313500743
12/31/19 15:30,67.76327108018597
12/31/19 16:00,67.81387572510391
1/6/20 10:30,67.21867007556271
1/6/20 11:30,68.5245236486773
1/6/20 12:30,68.47251973387964
1/6/20 13:30,69.39065718098857
1/6/20 14:30,69.90535388595497
1/6/20 15:30,69.90248301078253
1/6/20 16:00,69.83494368421546
1/7/20 10:30,70.21104981180713
1/7/20 11:30,70.10140111730742
1/7/20 12:30,69.75873598595567
1/7/20 13:30,70.11163769679943
1/7/20 14:30,70.25193943651404
1/7/20 15:30,70.21598032063906
1/7/20 16:00,70.65064223134237
1/8/20 10:30,70.79516494006047
1/8/20 11:30,69.9395093595463
1/8/20 12:30,72.18914121032023
1/8/20 13:30,72.27697844469326
1/8/20 14:30,73.1452723615206
1/8/20 15:30,73.11279647385636
1/8/20 16:00,72.98557200784616
1/9/20 10:30,72.8252216245558
1/9/20 11:30,72.53361818662547
1/9/20 12:30,72.73434486880663
1/9/20 13:30,72.51380009374404
1/9/20 14:30,72.51644786698562
1/9/20 15:30,72.41140305179604
1/9/20 16:00,72.25772542429941
1/10/20 10:30,72.85623615429947
1/10/20 11:30,72.76478039336604
1/10/20 12:30,73.16939958419292
1/10/20 13:30,73.13032197424072
1/10/20 14:30,73.0004371456711
1/10/20 15:30,72.28079610106977
1/10/20 16:00,72.85364893056764
1/13/20 10:30,72.4317064507099
1/13/20 11:30,73.82205847560785
1/13/20 12:30,73.95350997016183
1/13/20 13:30,74.88154896585439
1/13/20 14:30,74.84090443077672
1/13/20 15:30,74.44867706244456
1/13/20 16:00,74.69864701595006
1/14/20 10:30,74.60881246341411
1/14/20 11:30,73.66632064944177
1/14/20 12:30,73.49325821530597
1/14/20 13:30,73.85156166608246
1/14/20 14:30,73.30846485836456
1/14/20 15:30,73.51407338009223
1/14/20 16:00,73.33821151969724
1/15/20 10:30,74.11477789843725
1/15/20 11:30,73.84181799656882
1/15/20 12:30,75.94171407497213
1/15/20 13:30,75.71592584074052
1/15/20 14:30,75.32259657583724
1/15/20 15:30,75.23514215002072
1/15/20 16:00,76.75675679987863
1/16/20 10:30,76.74405835422137
1/16/20 11:30,76.64468190093557
1/16/20 12:30,75.64003766528008
1/16/20 13:30,75.82384969369072
1/16/20 14:30,76.04370395989899
1/16/20 15:30,76.4470489085658
1/16/20 16:00,76.280860299139
1/17/20 10:30,76.14173532743297
1/17/20 11:30,76.44838888620224
1/17/20 12:30,76.53410652201265
1/17/20 13:30,75.76001832337779
1/17/20 14:30,75.70886720554763
1/17/20 15:30,76.401342373429
1/17/20 16:00,76.14413541353171
1/21/20 10:30,75.67870220195122
1/21/20 11:30,75.57832807038854
1/21/20 12:30,75.95765807372958
1/21/20 13:30,76.22267290502735
1/21/20 14:30,76.5395583744589
1/21/20 15:30,76.46931977655193
1/21/20 16:00,76.2740140748652
1/22/20 10:30,76.17445197487976
1/22/20 11:30,76.59458779524005
1/22/20 12:30,76.50987809920919
1/22/20 13:30,76.25642205691328
1/22/20 14:30,76.42617737712968
1/22/20 15:30,76.44121884568345
1/22/20 16:00,76.07363976024716
1/23/20 10:30,75.66726067118721
1/23/20 11:30,75.94443707624893
1/23/20 12:30,75.69996805947157
1/23/20 13:30,75.47842652057719
1/23/20 14:30,75.36041168559963
1/23/20 15:30,74.6398738779345
1/23/20 16:00,74.52175598581682
1/24/20 10:30,74.54888407576334
1/24/20 11:30,75.52109738939352
1/24/20 12:30,75.16718912803303
1/24/20 13:30,73.8478348020893
1/24/20 14:30,73.84715805215424
1/24/20 15:30,73.50005580269365
1/24/20 16:00,73.36107070599826
1/27/20 10:30,72.80462433045375
1/27/20 11:30,71.42566773657718
1/27/20 12:30,71.27507504609866
1/27/20 13:30,71.12302632528765
1/27/20 14:30,71.13645430128608
1/27/20 15:30,70.86582408209327
1/27/20 16:00,70.71874650624103
1/28/20 10:30,71.20562494908262
1/28/20 11:30,71.29844293651233
1/28/20 12:30,72.67802049854707
1/28/20 13:30,72.23720551819673
1/28/20 14:30,72.09877551183651
1/28/20 15:30,72.55364645418534
1/28/20 16:00,71.5194459671318
1/29/20 10:30,72.04387011481452
1/29/20 11:30,72.08432426570522
1/29/20 12:30,73.36721612258238
1/29/20 13:30,73.7405087123893
1/29/20 14:30,73.77699756481897
1/29/20 15:30,72.85599130503267
1/29/20 16:00,71.55628154523919
1/30/20 10:30,72.88904537315342
1/30/20 11:30,74.36991843965554
1/30/20 12:30,73.68259956033745
1/30/20 13:30,73.51606660383602
1/30/20 14:30,73.60500869599217
1/30/20 15:30,74.31558428805322
1/30/20 16:00,74.38552700394628
1/31/20 10:30,73.59412831112677
1/31/20 11:30,73.73043586315767
1/31/20 12:30,74.09519050236105
1/31/20 13:30,74.25410901978195
1/31/20 14:30,75.01693241072736
1/31/20 15:30,75.2227728423372
1/31/20 16:00,75.59719674178005
2/3/20 10:30,74.52108090063037
2/3/20 11:30,79.18154799341896
2/3/20 12:30,77.8565246688357
2/3/20 13:30,84.70346352789599
2/3/20 14:30,86.59047111601339
2/3/20 15:30,85.98855416905347
2/3/20 16:00,87.51162566168212
2/4/20 10:30,88.03778949784855
2/4/20 11:30,84.51615206387092
2/4/20 12:30,84.63633091719775
2/4/20 13:30,81.45936115408739
2/4/20 14:30,78.94579027283642
2/4/20 15:30,86.44354592470916
2/4/20 16:00,86.55600373666572
2/5/20 10:30,85.73029375233178
2/5/20 11:30,88.25899834406735
2/5/20 12:30,86.7789634562194
2/5/20 13:30,86.88625909021829
2/5/20 14:30,86.62497688219167
2/5/20 15:30,87.85363210889955
2/5/20 16:00,87.20220429140056
2/6/20 10:30,88.90600484969328
2/6/20 11:30,87.97197460480061
2/6/20 12:30,88.74256601926945
2/6/20 13:30,88.92709433148282
2/6/20 14:30,88.85702241052684
2/6/20 15:30,88.63234596090298
2/6/20 16:00,88.69258856800771
2/7/20 10:30,88.04451633331219
2/7/20 11:30,87.92132554779924
2/7/20 12:30,89.04485000281966
2/7/20 13:30,88.99415815562853
2/7/20 14:30,88.50124156740766
2/7/20 15:30,88.22138846760508
2/7/20 16:00,88.31775045665557
2/10/20 10:30,89.21804992621928
2/10/20 11:30,88.01707465170503
2/10/20 12:30,88.33735290781311
2/10/20 13:30,88.5053570151409
2/10/20 14:30,88.896902162302
2/10/20 15:30,88.23737615655494
2/10/20 16:00,89.72442666131246
2/11/20 10:30,89.47294546800248
2/11/20 11:30,89.54576713735705
2/11/20 12:30,89.56331436893576
2/11/20 13:30,90.02707851097863
2/11/20 14:30,89.99979537419112
2/11/20 15:30,89.01159361674124
2/11/20 16:00,88.42894922075212
2/12/20 10:30,88.58117322976304
2/12/20 11:30,88.51129808429303
2/12/20 12:30,88.38177365825007
2/12/20 13:30,88.33015460528082
2/12/20 14:30,88.32164860477879
2/12/20 15:30,88.13844218398638
2/12/20 16:00,88.2721644568704
2/13/20 10:30,87.936332374382
2/13/20 11:30,89.41952076757073
2/13/20 12:30,90.22222079280036
2/13/20 13:30,90.15269035229446
2/13/20 14:30,89.61136195574942
2/13/20 15:30,90.54042793991285
2/13/20 16:00,90.09381534380772
2/14/20 10:30,90.20155604050366
2/14/20 11:30,90.86128403593118
2/14/20 12:30,90.05013869703777
2/14/20 13:30,89.84612870502929
2/14/20 14:30,90.83836505616273
2/14/20 15:30,90.81520961724289
2/14/20 16:00,90.9455258334156
2/18/20 10:30,90.90905252482136
2/18/20 11:30,95.55541159247008
2/18/20 12:30,96.56721498455352
2/18/20 13:30,95.5316726790779
2/18/20 14:30,93.21096249059492
2/18/20 15:30,96.83821113163617
2/18/20 16:00,96.80585171233275
2/19/20 10:30,95.48794761686946
2/19/20 11:30,100.71105950632555
2/19/20 12:30,102.26915810901276
2/19/20 13:30,102.48885346404946
2/19/20 14:30,103.53763930424519
2/19/20 15:30,103.14743121356967
2/19/20 16:00,102.95316083577794
2/20/20 10:30,103.09906507844292
2/20/20 11:30,96.75385020090448
2/20/20 12:30,103.44186370926944
2/20/20 13:30,95.83317557149435
2/20/20 14:30,105.18930758767299
2/20/20 15:30,105.60082901044025
2/20/20 16:00,106.02722255549347
2/21/20 10:30,106.3172320991687
2/21/20 11:30,99.05311903685296
2/21/20 12:30,101.86621931016305
2/21/20 13:30,102.19293770642581
2/21/20 14:30,101.94343676323568
2/21/20 15:30,101.9796958273247
2/21/20 16:00,101.42867130925477
2/24/20 10:30,102.33867107411025
2/24/20 11:30,102.91748666503341
2/24/20 12:30,104.40091252932568
2/24/20 13:30,103.57838510726236
2/24/20 14:30,104.13850990073924
2/24/20 15:30,104.60746237812276
2/24/20 16:00,105.87844576260024
2/25/20 10:30,107.1313724957833
2/25/20 11:30,101.7904322399837
2/25/20 12:30,106.53444147585193
2/25/20 13:30,107.55096263265834
2/25/20 14:30,107.1938813776844
2/25/20 15:30,106.29724232000603
2/25/20 16:00,105.10212198979825
2/26/20 10:30,106.48156450265046
2/26/20 11:30,107.16626423167072
2/26/20 12:30,104.44205933487014
2/26/20 13:30,107.01738837366067
2/26/20 14:30,106.27027796518419
2/26/20 15:30,105.83763224104098
2/26/20 16:00,106.59274594130594
2/27/20 10:30,106.19437297686373
2/27/20 11:30,108.72073922069403
2/27/20 12:30,112.24032030004817
2/27/20 13:30,113.27075557392115
2/27/20 14:30,115.26621942949129
2/27/20 15:30,112.60620313980978
2/27/20 16:00,113.39814140432355
2/28/20 10:30,113.77041698725631
2/28/20 11:30,115.617384727488
2/28/20 12:30,113.15713995781539
2/28/20 13:30,106.74461264748005
2/28/20 14:30,103.8917112653656
2/28/20 15:30,103.23076703208062
2/28/20 16:00,103.85510818934013
3/2/20 10:30,105.96333080736397
3/2/20 11:30,106.96835174834848
3/2/20 12:30,108.54689514875233
3/2/20 13:30,110.41599726459273
3/2/20 14:30,109.5935693727368
3/2/20 15:30,110.5054399784173
3/2/20 16:00,113.47865826323674
3/3/20 10:30,114.49239169290723
3/3/20 11:30,113.11086822352038
3/3/20 12:30,113.21120668780668
3/3/20 13:30,111.64059877469042
3/3/20 14:30,113.72335239171646
3/3/20 15:30,114.77774645248554
3/3/20 16:00,113.08208295471883
3/4/20 10:30,114.96801231527463
3/4/20 11:30,114.49133060085256
3/4/20 12:30,114.58038056139354
3/4/20 13:30,115.32390999732056
3/4/20 14:30,116.33258255967334
3/4/20 15:30,116.35921717502413
3/4/20 16:00,116.38607784993202
3/5/20 10:30,111.79732363439695
3/5/20 11:30,116.10713992933631
3/5/20 12:30,118.10000705384097
3/5/20 13:30,118.45265617184947
3/5/20 14:30,122.40963789349284
3/5/20 15:30,122.05364092078212
3/5/20 16:00,124.64675900869642
3/6/20 10:30,123.68348184692141
3/6/20 11:30,116.24707769979109
3/6/20 12:30,112.29514826324751
3/6/20 13:30,108.22725527839478
3/6/20 14:30,107.75703051483626
3/6/20 15:30,109.9754204532776
3/6/20 16:00,111.98139321410657
3/9/20 10:30,110.77438915454991
3/9/20 11:30,107.27611092749922
3/9/20 12:30,111.13067040341467
3/9/20 13:30,111.9976322308915
3/9/20 14:30,112.72391765511907
3/9/20 15:30,111.84318458636584
3/9/20 16:00,111.90909646140355
3/10/20 10:30,112.00310097525059
3/10/20 11:30,110.34938033795474
3/10/20 12:30,109.69617644112292
3/10/20 13:30,108.96396518104287
3/10/20 14:30,109.2638859065133
3/10/20 15:30,109.02990016528202
3/10/20 16:00,108.70799617661284
3/11/20 10:30,105.85133322005153
3/11/20 11:30,113.57248825057052
3/11/20 12:30,111.98274827084447
3/11/20 13:30,111.89355537437092
3/11/20 14:30,107.41594028106856
3/11/20 15:30,107.76025985126687
3/11/20 16:00,108.22954339714084
3/12/20 10:30,107.84110558476299
3/12/20 11:30,111.89780738434519
3/12/20 12:30,111.42572410689836
3/12/20 13:30,111.2290609704054
3/12/20 14:30,110.53662371133608
3/12/20 15:30,110.75739479745731
3/12/20 16:00,111.13816184240606
3/13/20 10:30,112.6131017345563
3/13/20 11:30,110.2583397409899
3/13/20 12:30,105.68280194411055
3/13/20 13:30,107.40990720850304
3/13/20 14:30,106.93750778612984
3/13/20 15:30,106.66070491996166
3/13/20 16:00,107.52856796393566
3/16/20 10:30,112.83959010769736
3/16/20 11:30,111.2082157291534
3/16/20 12:30,112.37213171448789
3/16/20 13:30,112.6539666498343
3/16/20 14:30,113.01628061022298
3/16/20 15:30,112.8730316729479
3/16/20 16:00,108.94055755872532
3/17/20 10:30,111.16534870542412
3/17/20 11:30,107.80893995658917
3/17/20 12:30,107.61125127078468
3/17/20 13:30,107.32666861876874
3/17/20 14:30,106.95152293721485
3/17/20 15:30,114.82751975619821
3/17/20 16:00,113.79535985274846
3/18/20 10:30,115.13610534344171
3/18/20 11:30,113.51562494151364
3/18/20 12:30,113.0088115309674
3/18/20 13:30,115.34473800384184
3/18/20 14:30,110.934703899767
3/18/20 15:30,112.13029178543681
3/18/20 16:00,115.29760181751739
3/19/20 10:30,118.20194314535743
3/19/20 11:30,122.84230945467249
3/19/20 12:30,126.01263269943236
3/19/20 13:30,127.57183134518684
3/19/20 14:30,128.00065424858005
3/19/20 15:30,129.26295722483457
3/19/20 16:00,128.7729753143299
3/20/20 10:30,122.05220313581
3/20/20 11:30,126.2116873551845
3/20/20 12:30,126.02268569249665
3/20/20 13:30,129.7411529957769
3/20/20 14:30,130.4229668961043
3/20/20 15:30,131.4756492748887
3/20/20 16:00,124.19095533126323
3/23/20 10:30,130.1439465012461
3/23/20 11:30,151.09311486262382
3/23/20 12:30,144.99677180934853
3/23/20 13:30,157.18158490623682
3/23/20 14:30,157.57653678579942
3/23/20 15:30,153.64159306612072
3/23/20 16:00,155.49177313368122
3/24/20 10:30,133.245717089649
3/24/20 11:30,135.50562844346072
3/24/20 12:30,137.06865025353835
3/24/20 13:30,141.64089294483472
3/24/20 14:30,138.74941389773707
3/24/20 15:30,143.0259261438312
3/24/20 16:00,139.92492384824217
3/25/20 10:30,136.5797920069216
3/25/20 11:30,144.33126237757872
3/25/20 12:30,140.98729759343274
3/25/20 13:30,136.54451749662599
3/25/20 14:30,142.18891945263164
3/25/20 15:30,136.40436662537303
3/25/20 16:00,144.42048725286864
3/26/20 10:30,138.2543512304984
3/26/20 11:30,139.4059931108071
3/26/20 12:30,141.07856120123165
3/26/20 13:30,142.77236321029537
3/26/20 14:30,140.81149263524145
3/26/20 15:30,142.76071068319757
3/26/20 16:00,141.5106325008436
3/27/20 10:30,142.96590744935423
3/27/20 11:30,140.3607840802958
3/27/20 12:30,146.244861400301
3/27/20 13:30,149.5192041951911
3/27/20 14:30,141.48222932314073
3/27/20 15:30,146.763517854896
3/27/20 16:00,148.8138279132325
3/30/20 10:30,146.00834899105672
3/30/20 11:30,159.385719667642
3/30/20 12:30,156.99004080697952
3/30/20 13:30,153.18073838138247
3/30/20 14:30,153.0326676910899
3/30/20 15:30,153.2971975913736
3/30/20 16:00,151.36996443462328
3/31/20 10:30,150.02412548411095
3/31/20 11:30,144.0210110216866
3/31/20 12:30,142.88681853636646
3/31/20 13:30,144.4115269656044
3/31/20 14:30,143.62171331042094
3/31/20 15:30,144.8119772112164
3/31/20 16:00,146.0946489469133
4/1/20 10:30,147.5628100389533
4/1/20 11:30,138.0858180260102
4/1/20 12:30,138.4321230997625
4/1/20 13:30,137.11864035248382
4/1/20 14:30,136.18564832268262
4/1/20 15:30,136.5863824396544
4/1/20 16:00,136.96045080734038
4/2/20 10:30,137.5954949809086
4/2/20 11:30,132.00217020722963
4/2/20 12:30,132.05070263868322
4/2/20 13:30,132.778257588672
4/2/20 14:30,125.05511763841254
4/2/20 15:30,126.45795250129717
4/2/20 16:00,126.92268931987131
4/3/20 10:30,124.86971677504961
4/3/20 11:30,122.08039086427817
4/3/20 12:30,123.80008199763309
4/3/20 13:30,123.07954098758786
4/3/20 14:30,123.5559273803246
4/3/20 15:30,124.07577295794164
4/3/20 16:00,123.93963754823989
4/6/20 10:30,127.06063125948552
4/6/20 11:30,119.84747720592887
4/6/20 12:30,119.20390082453592
4/6/20 13:30,120.506454986152
4/6/20 14:30,119.2482465495483
4/6/20 15:30,118.17862276771831
4/6/20 16:00,121.62960860918506
4/7/20 10:30,122.65755754901299
4/7/20 11:30,117.88001609377847
4/7/20 12:30,114.05461654045766
4/7/20 13:30,115.83561092146032
4/7/20 14:30,117.0622322884765
4/7/20 15:30,118.96742839476747
4/7/20 16:00,118.38358436871751
4/8/20 10:30,113.23558608788709
4/8/20 11:30,113.58711155461272
4/8/20 12:30,119.57786695044399
4/8/20 13:30,123.63378583721168
4/8/20 14:30,123.66300078799979
4/8/20 15:30,115.61015614696689
4/8/20 16:00,117.40485529989358
4/9/20 10:30,120.14452447463587
4/9/20 11:30,121.2687531399327
4/9/20 12:30,119.1446858833516
4/9/20 13:30,119.85440374615536
4/9/20 14:30,122.42683522115705
4/9/20 15:30,121.96581759222695
4/9/20 16:00,123.20853568475698
4/13/20 10:30,121.90872446115645
4/13/20 11:30,128.15270866457968
4/13/20 12:30,129.13562023338622
4/13/20 13:30,133.44275230828245
4/13/20 14:30,134.46216687904928
4/13/20 15:30,134.73695191070274
4/13/20 16:00,135.5257812891065
4/14/20 10:30,134.05671661405447
4/14/20 11:30,141.39021056770085
4/14/20 12:30,142.03659773082893
4/14/20 13:30,144.64402042163402
4/14/20 14:30,144.59352379067602
4/14/20 15:30,143.86838186293508
4/14/20 16:00,143.3666929082665
4/15/20 10:30,139.34696138626987
4/15/20 11:30,147.6079390536792
4/15/20 12:30,148.29892549542754
4/15/20 13:30,149.39270635647782
4/15/20 14:30,149.57695050051174
4/15/20 15:30,150.6589800834452
4/15/20 16:00,150.55661063448926
4/16/20 10:30,148.85302634580773
4/16/20 11:30,150.76984032263525
4/16/20 12:30,150.83197807515512
4/16/20 13:30,150.4919168988239
4/16/20 14:30,148.44055466426312
4/16/20 15:30,150.43735788397538
4/16/20 16:00,151.11625122075387
4/17/20 10:30,144.49901033167401
4/17/20 11:30,149.24179745653544
4/17/20 12:30,148.23193017204352
4/17/20 13:30,149.5280284042629
4/17/20 14:30,151.21748004256355
4/17/20 15:30,151.1123543799502
4/17/20 16:00,147.70253717209417
